hero_id,hero,semantic_feature_count,semantic_features,manual_features
102,Abaddon,7,ALLY_DISPEL; AOE_DAMAGE; DAMAGE_OVER_TIME; HEAL; MAGICAL_DAMAGE; SLOW; STRONG_DISPEL,
73,Alchemist,7,ALLY_DISPEL; AOE_DAMAGE; BASIC_DISPEL; DAMAGE_OVER_TIME; DAMAGE_REDUCTION; PHYSICAL_DAMAGE; SLOW,
68,Ancient Apparition,11,ANTI_HEAL; AOE_DAMAGE; BKB_PIERCING_DAMAGE; DAMAGE_OVER_TIME; HARD_CONTROL; HEAL_REDUCTION; LONG_RANGE; LOW_ARMOR; MAGICAL_DAMAGE; SLOW; STUN,
1,Anti-Mage,7,HARD_CONTROL; HIGH_ARMOR; MAGIC_RESISTANCE_BUFF; MANA_BURN; PHYSICAL_DAMAGE; SLOW; STUN,
113,Arc Warden,5,AOE_DAMAGE; DAMAGE_OVER_TIME; LONG_RANGE; MAGICAL_DAMAGE; SLOW,
2,Axe,11,ANTI_ILLUSION; AOE_DAMAGE; ARMOR_BUFF; BKB_PIERCING_CONTROL; BKB_PIERCING_DAMAGE; DAMAGE_OVER_TIME; HARD_CONTROL; PURE_DAMAGE; RESET_MECHANIC; SLOW; TAUNT,ANTI_ILLUSION
3,Bane,7,BKB_PIERCING_DAMAGE; CHANNELING; DAMAGE_OVER_TIME; HARD_CONTROL; HEAL; PURE_DAMAGE; SLEEP,
65,Batrider,5,AOE_DAMAGE; DAMAGE_OVER_TIME; HIGH_MOBILITY; MAGICAL_DAMAGE; SLOW,
38,Beastmaster,10,ANTI_MOBILITY; AOE_DAMAGE; BKB_PIERCING_CONTROL; HARD_CONTROL; HEAL; LOW_ARMOR; MAGICAL_DAMAGE; ROOT; SLOW; STUN,
4,Bloodseeker,5,BKB_PIERCING_DAMAGE; HIGH_ARMOR; PERCENT_HP_DAMAGE; PURE_DAMAGE; SILENCE,
62,Bounty Hunter,6,BKB_PIERCING_DAMAGE; HIGH_ARMOR; INVISIBILITY; MAGICAL_DAMAGE; PHYSICAL_DAMAGE; SLOW,
78,Brewmaster,6,AOE_DAMAGE; ARMOR_BUFF; DAMAGE_OVER_TIME; EVASION; MAGICAL_DAMAGE; SLOW,
99,Bristleback,3,AOE_DAMAGE; BKB_PIERCING_DAMAGE; PHYSICAL_DAMAGE,
61,Broodmother,8,ANTI_MOBILITY; DAMAGE_OVER_TIME; HEAL; INVISIBILITY; LOW_ARMOR; MAGICAL_DAMAGE; ROOT; SLOW,
96,Centaur Warrunner,9,AOE_DAMAGE; BKB_PIERCING_DAMAGE; DISARM; HARD_CONTROL; LOW_ARMOR; MAGICAL_DAMAGE; PHYSICAL_DAMAGE; SLOW; STUN,
81,Chaos Knight,10,BASIC_DISPEL; CREATES_ILLUSIONS; DEPENDS_ON_ILLUSIONS; HARD_CONTROL; HIGH_ARMOR; HIGH_MOBILITY; LIFESTEAL; MAGICAL_DAMAGE; STUN; TELEPORT,DEPENDS_ON_ILLUSIONS
66,Chen,9,ARMOR_BUFF; GLOBAL_ABILITY; HEAL; HIGH_MOBILITY; LONG_RANGE; LOW_ARMOR; PURE_DAMAGE; SLOW; TELEPORT,
56,Clinkz,5,ARMOR_REDUCTION; CHANNELING; HEAL; INVISIBILITY; LONG_RANGE,
51,Clockwerk,7,AOE_DAMAGE; BKB_PIERCING_CONTROL; BKB_PIERCING_DAMAGE; HARD_CONTROL; MAGICAL_DAMAGE; SLOW; STUN,
5,Crystal Maiden,6,AOE_DAMAGE; CHANNELING; DAMAGE_OVER_TIME; LONG_RANGE; MAGICAL_DAMAGE; SLOW,
55,Dark Seer,8,AOE_DAMAGE; HARD_CONTROL; HIGH_ARMOR; MAGICAL_DAMAGE; PERCENT_HP_DAMAGE; SLOW; STUN; TRUE_STRIKE,
119,Dark Willow,7,ANTI_MOBILITY; DAMAGE_OVER_TIME; HARD_CONTROL; INVULNERABILITY; MAGICAL_DAMAGE; ROOT; STUN,
135,Dawnbreaker,12,AOE_DAMAGE; BKB_PIERCING_CONTROL; BKB_PIERCING_DAMAGE; CHANNELING; GLOBAL_ABILITY; HARD_CONTROL; HEAL; HIGH_ARMOR; MAGICAL_DAMAGE; PHYSICAL_DAMAGE; SLOW; STUN,
50,Dazzle,11,AOE_DAMAGE; ARMOR_BUFF; ARMOR_REDUCTION; BKB_PIERCING_DAMAGE; DAMAGE_OVER_TIME; HARD_CONTROL; HEAL; HEX; INVULNERABILITY; PHYSICAL_DAMAGE; SLOW,
43,Death Prophet,4,COOLDOWN_REDUCTION; HEAL; LONG_RANGE; SILENCE,
87,Disruptor,8,AOE_DAMAGE; HIGH_MOBILITY; LONG_RANGE; LOW_ARMOR; MAGICAL_DAMAGE; SILENCE; SLOW; TELEPORT,
69,Doom,7,BASIC_DISPEL; DAMAGE_OVER_TIME; HARD_CONTROL; HEAL; MAGICAL_DAMAGE; SILENCE; STUN,
49,Dragon Knight,8,AOE_DAMAGE; DAMAGE_OVER_TIME; DEBUFF_IMMUNITY; HARD_CONTROL; LOW_ARMOR; MAGICAL_DAMAGE; SLOW; STUN,
6,Drow Ranger,7,CHANNELING; INVISIBILITY; KNOCKBACK; LONG_RANGE; PHYSICAL_DAMAGE; SILENCE; SLOW,
107,Earth Spirit,8,AOE_DAMAGE; FORCED_MOVEMENT; HARD_CONTROL; INVULNERABILITY; MAGICAL_DAMAGE; SILENCE; SLOW; STUN,
7,Earthshaker,5,ANTI_ILLUSION; AOE_DAMAGE; HARD_CONTROL; MAGICAL_DAMAGE; STUN,ANTI_ILLUSION
103,Elder Titan,8,AOE_DAMAGE; ARMOR_BUFF; ARMOR_REDUCTION; BKB_PIERCING_DAMAGE; CHANNELING; MAGICAL_DAMAGE; PHYSICAL_DAMAGE; SLOW,
106,Ember Spirit,7,AOE_DAMAGE; BKB_PIERCING_DAMAGE; DAMAGE_OVER_TIME; DASH; HIGH_MOBILITY; MAGICAL_DAMAGE; PHYSICAL_DAMAGE,
58,Enchantress,8,ANTI_MOBILITY; BASIC_DISPEL; HEAL; HIGH_MOBILITY; LEAP; PURE_DAMAGE; ROOT; SLOW,
33,Enigma,7,BKB_PIERCING_CONTROL; CHANNELING; HARD_CONTROL; PERCENT_HP_DAMAGE; STUN; SUMMONER; SUMMONS_UNITS,
41,Faceless Void,9,AOE_DAMAGE; BKB_PIERCING_CONTROL; DAMAGE_OVER_TIME; DASH; HARD_CONTROL; HIGH_MOBILITY; INVISIBILITY; MAGICAL_DAMAGE; SLOW,
121,Grimstroke,8,AOE_DAMAGE; CREATES_ILLUSIONS; HARD_CONTROL; LONG_RANGE; MAGICAL_DAMAGE; SILENCE; SLOW; STUN,
72,Gyrocopter,5,HARD_CONTROL; HIGH_ARMOR; MAGICAL_DAMAGE; SLOW; STUN,
123,Hoodwink,8,AOE_DAMAGE; CREATES_ILLUSIONS; DAMAGE_OVER_TIME; HARD_CONTROL; INVISIBILITY; MAGICAL_DAMAGE; SLOW; STUN,
59,Huskar,8,AOE_DAMAGE; BASIC_DISPEL; DAMAGE_OVER_TIME; HIGH_MOBILITY; LEAP; MAGICAL_DAMAGE; SILENCE; SLOW,
74,Invoker,13,AOE_DAMAGE; BASIC_DISPEL; BKB_PIERCING_DAMAGE; DAMAGE_OVER_TIME; DISARM; INVISIBILITY; KNOCKBACK; LONG_RANGE; LOW_ARMOR; MAGICAL_DAMAGE; MANA_DRAIN; PURE_DAMAGE; SLOW,
91,Io,6,AOE_DAMAGE; HEAL; HIGH_MOBILITY; MAGICAL_DAMAGE; SLOW; TELEPORT,
64,Jakiro,6,AOE_DAMAGE; DAMAGE_OVER_TIME; HARD_CONTROL; MAGICAL_DAMAGE; SLOW; STUN,
8,Juggernaut,11,AOE_DAMAGE; BASIC_DISPEL; HEAL; HIGH_ARMOR; HIGH_MOBILITY; INVULNERABILITY; LEAP; MAGICAL_DAMAGE; STRONG_DISPEL; SUMMONER; SUMMONS_UNITS,
90,Keeper of the Light,9,AOE_DAMAGE; CHANNELING; COOLDOWN_REDUCTION; HEAL; KNOCKBACK; LONG_RANGE; LOW_ARMOR; MAGICAL_DAMAGE; SLOW,
145,Kez,16,AOE_DAMAGE; BASIC_DISPEL; BKB_PIERCING_CONTROL; BKB_PIERCING_DAMAGE; DAMAGE_OVER_TIME; DISARM; HARD_CONTROL; HEAL; HIGH_ARMOR; INVISIBILITY; INVULNERABILITY; PHYSICAL_DAMAGE; PURE_DAMAGE; SILENCE; SLOW; STUN,
23,Kunkka,6,AOE_DAMAGE; HARD_CONTROL; HIGH_ARMOR; MAGICAL_DAMAGE; SLOW; STUN,
155,Largo,7,AOE_DAMAGE; BASIC_DISPEL; DISARM; HEAL; HIGH_ARMOR; MAGICAL_DAMAGE; SLOW,
104,Legion Commander,8,ALLY_DISPEL; ARMOR_BUFF; BKB_PIERCING_CONTROL; HARD_CONTROL; LIFESTEAL; LOW_ARMOR; SLOW; STRONG_DISPEL,
52,Leshrac,7,AOE_DAMAGE; BKB_PIERCING_DAMAGE; HARD_CONTROL; MAGICAL_DAMAGE; PURE_DAMAGE; SLOW; STUN,
31,Lich,6,AOE_DAMAGE; CHANNELING; HEAL; LOW_ARMOR; MAGICAL_DAMAGE; SLOW,
54,Lifestealer,7,AOE_DAMAGE; BASIC_DISPEL; BKB_PIERCING_DAMAGE; HEAL; MAGICAL_DAMAGE; PHYSICAL_DAMAGE; SLOW,
25,Lina,5,HARD_CONTROL; LONG_RANGE; MAGICAL_DAMAGE; MAGIC_RESISTANCE_BUFF; STUN,
26,Lion,9,AOE_DAMAGE; CHANNELING; HARD_CONTROL; HEX; LONG_RANGE; LOW_ARMOR; MAGICAL_DAMAGE; SLOW; STUN,
80,Lone Druid,6,ANTI_MOBILITY; DAMAGE_OVER_TIME; LIFESTEAL; ROOT; SUMMONER; SUMMONS_UNITS,
48,Luna,4,HARD_CONTROL; HIGH_ARMOR; MAGICAL_DAMAGE; STUN,
77,Lycan,8,ARMOR_REDUCTION; DAMAGE_OVER_TIME; FEAR; HARD_CONTROL; HEAL; INVISIBILITY; LIFESTEAL; SLOW,
97,Magnus,8,AOE_DAMAGE; BKB_PIERCING_CONTROL; BKB_PIERCING_DAMAGE; HARD_CONTROL; KNOCKBACK; MAGICAL_DAMAGE; SLOW; STUN,
136,Marci,8,AOE_DAMAGE; HARD_CONTROL; HIGH_MOBILITY; LIFESTEAL; MAGICAL_DAMAGE; SLOW; STUN; TELEPORT,
129,Mars,6,AOE_DAMAGE; HARD_CONTROL; MAGICAL_DAMAGE; PHYSICAL_DAMAGE; STUN; TRUE_STRIKE,
94,Medusa,10,ANTI_MOBILITY; AOE_DAMAGE; BKB_PIERCING_CONTROL; DAMAGE_OVER_TIME; HARD_CONTROL; LONG_RANGE; MAGICAL_DAMAGE; ROOT; SLOW; STUN,
82,Meepo,13,ANTI_MOBILITY; AOE_DAMAGE; BASIC_DISPEL; CHANNELING; HEAL; HIGH_ARMOR; HIGH_MOBILITY; INVULNERABILITY; MAGICAL_DAMAGE; MANA_BURN; ROOT; SLOW; TELEPORT,
9,Mirana,8,HARD_CONTROL; HIGH_MOBILITY; INVISIBILITY; LEAP; LONG_RANGE; LOW_ARMOR; MAGICAL_DAMAGE; STUN,
114,Monkey King,11,AOE_DAMAGE; CHANNELING; HARD_CONTROL; HIGH_ARMOR; HIGH_MOBILITY; INVULNERABILITY; LEAP; LIFESTEAL; PHYSICAL_DAMAGE; STUN; TRUE_STRIKE,
10,Morphling,8,AOE_DAMAGE; HARD_CONTROL; HIGH_ARMOR; INVULNERABILITY; KNOCKBACK; MAGICAL_DAMAGE; SLOW; STUN,
138,Muerta,9,AOE_DAMAGE; BASIC_DISPEL; FEAR; HARD_CONTROL; LIFESTEAL; MAGICAL_DAMAGE; SILENCE; SLOW; SPELL_LIFESTEAL,
89,Naga Siren,8,AOE_DAMAGE; ARMOR_REDUCTION; BASIC_DISPEL; CREATES_ILLUSIONS; DEPENDS_ON_ILLUSIONS; EVASION; HIGH_ARMOR; MAGICAL_DAMAGE,DEPENDS_ON_ILLUSIONS
53,Nature's Prophet,8,AOE_DAMAGE; DAMAGE_OVER_TIME; HIGH_MOBILITY; LONG_RANGE; LOW_ARMOR; MAGICAL_DAMAGE; SLOW; TELEPORT,
36,Necrophos,6,HARD_CONTROL; HEAL; MAGICAL_DAMAGE; PERCENT_HP_DAMAGE; SLOW; STUN,
60,Night Stalker,9,CHANNELING; DAMAGE_OVER_TIME; HARD_CONTROL; HEAL; HIGH_ARMOR; MAGICAL_DAMAGE; SILENCE; SLOW; STUN,
88,Nyx Assassin,6,DAMAGE_REDUCTION; HARD_CONTROL; INVISIBILITY; MAGICAL_DAMAGE; MANA_BURN; STUN,
84,Ogre Magi,4,HARD_CONTROL; HIGH_ARMOR; MAGICAL_DAMAGE; STUN,
57,Omniknight,8,AOE_DAMAGE; BKB_PIERCING_DAMAGE; DEBUFF_IMMUNITY; HEAL; HIGH_ARMOR; MAGIC_RESISTANCE_BUFF; PURE_DAMAGE; SLOW,
111,Oracle,11,ALLY_DISPEL; ANTI_MOBILITY; AOE_DAMAGE; BASIC_DISPEL; CHANNELING; DISARM; HEAL; LONG_RANGE; MAGICAL_DAMAGE; ROOT; STRONG_DISPEL,
76,Outworld Destroyer,5,AOE_DAMAGE; BANISH; HARD_CONTROL; INVULNERABILITY; MAGICAL_DAMAGE,
120,Pangolier,11,AOE_DAMAGE; ARMOR_REDUCTION; BASIC_DISPEL; DASH; DEBUFF_IMMUNITY; HARD_CONTROL; HIGH_MOBILITY; KNOCKBACK; PHYSICAL_DAMAGE; SLOW; STUN,
44,Phantom Assassin,5,EVASION; HIGH_ARMOR; HIGH_MOBILITY; SLOW; TELEPORT,
12,Phantom Lancer,9,BASIC_DISPEL; CREATES_ILLUSIONS; DASH; DEPENDS_ON_ILLUSIONS; EVASION; HIGH_ARMOR; HIGH_MOBILITY; MAGICAL_DAMAGE; SLOW,DEPENDS_ON_ILLUSIONS
110,Phoenix,11,AOE_DAMAGE; BKB_PIERCING_CONTROL; DAMAGE_OVER_TIME; HARD_CONTROL; HEAL; LOW_ARMOR; MAGICAL_DAMAGE; PERCENT_HP_DAMAGE; SLOW; STRONG_DISPEL; STUN,
137,Primal Beast,12,AOE_DAMAGE; ARMOR_BUFF; BKB_PIERCING_CONTROL; BKB_PIERCING_DAMAGE; CHANNELING; DISARM; HARD_CONTROL; HIGH_ARMOR; MAGICAL_DAMAGE; PHYSICAL_DAMAGE; SLOW; STUN,
13,Puck,11,ANTI_MOBILITY; AOE_DAMAGE; CHANNELING; HARD_CONTROL; HIGH_MOBILITY; LEASH; LOW_ARMOR; MAGICAL_DAMAGE; SILENCE; STUN; TELEPORT,
14,Pudge,11,AOE_DAMAGE; BKB_PIERCING_DAMAGE; CHANNELING; DAMAGE_BLOCK; DAMAGE_OVER_TIME; FORCED_MOVEMENT; HEAL; LOW_ARMOR; MAGICAL_DAMAGE; PURE_DAMAGE; SLOW,
45,Pugna,8,AOE_DAMAGE; BANISH; CHANNELING; HARD_CONTROL; HEAL; LONG_RANGE; MAGICAL_DAMAGE; SLOW,
39,Queen of Pain,8,AOE_DAMAGE; BKB_PIERCING_DAMAGE; DAMAGE_OVER_TIME; LIFESTEAL; MAGICAL_DAMAGE; PURE_DAMAGE; SLOW; SPELL_LIFESTEAL,
15,Razor,6,AOE_DAMAGE; ARMOR_REDUCTION; BKB_PIERCING_DAMAGE; MAGICAL_DAMAGE; PHYSICAL_DAMAGE; SLOW,
32,Riki,8,CHANNELING; HIGH_ARMOR; HIGH_MOBILITY; INVISIBILITY; PHYSICAL_DAMAGE; SILENCE; SLOW; TELEPORT,
131,Ringmaster,10,CHANNELING; DAMAGE_OVER_TIME; DISARM; FEAR; HARD_CONTROL; INVISIBILITY; MAGICAL_DAMAGE; PERCENT_HP_DAMAGE; SILENCE; SLOW,
86,Rubick,5,AOE_DAMAGE; HARD_CONTROL; HIGH_ARMOR; MAGICAL_DAMAGE; STUN,
16,Sand King,7,AOE_DAMAGE; HARD_CONTROL; INVISIBILITY; MAGICAL_DAMAGE; PHYSICAL_DAMAGE; SLOW; STUN,
79,Shadow Demon,8,ALLY_DISPEL; AOE_DAMAGE; BANISH; BASIC_DISPEL; HARD_CONTROL; HEAL; MAGICAL_DAMAGE; SLOW,
11,Shadow Fiend,5,AOE_DAMAGE; ARMOR_REDUCTION; FEAR; HARD_CONTROL; MAGICAL_DAMAGE,
27,Shadow Shaman,8,AOE_DAMAGE; BKB_PIERCING_DAMAGE; CHANNELING; HARD_CONTROL; HEX; HIGH_ARMOR; PHYSICAL_DAMAGE; STRONG_DISPEL,
75,Silencer,6,AOE_DAMAGE; DAMAGE_OVER_TIME; LONG_RANGE; MAGICAL_DAMAGE; SILENCE; SLOW,
101,Skywrath Mage,6,AOE_DAMAGE; LONG_RANGE; LOW_ARMOR; MAGICAL_DAMAGE; SILENCE; SLOW,
28,Slardar,8,AOE_DAMAGE; ARMOR_REDUCTION; HARD_CONTROL; HIGH_ARMOR; INVISIBILITY; PHYSICAL_DAMAGE; SLOW; STUN,
93,Slark,8,ANTI_MOBILITY; AOE_DAMAGE; HIGH_MOBILITY; LEAP; LEASH; MAGICAL_DAMAGE; SELF_DISPEL; STRONG_DISPEL,
128,Snapfire,7,AOE_DAMAGE; DAMAGE_OVER_TIME; HARD_CONTROL; MAGICAL_DAMAGE; PHYSICAL_DAMAGE; SLOW; STUN,
35,Sniper,8,AOE_DAMAGE; DISARM; HARD_CONTROL; HIGH_ARMOR; KNOCKBACK; MAGICAL_DAMAGE; SLOW; STUN,
67,Spectre,8,AOE_DAMAGE; BKB_PIERCING_DAMAGE; HIGH_ARMOR; HIGH_MOBILITY; MAGICAL_DAMAGE; PURE_DAMAGE; SLOW; TELEPORT,
71,Spirit Breaker,5,BKB_PIERCING_DAMAGE; HARD_CONTROL; KNOCKBACK; MAGICAL_DAMAGE; STUN,
17,Storm Spirit,7,AOE_DAMAGE; DASH; FORCED_MOVEMENT; HIGH_ARMOR; HIGH_MOBILITY; MAGICAL_DAMAGE; SLOW,
18,Sven,6,AOE_DAMAGE; ARMOR_BUFF; HARD_CONTROL; MAGICAL_DAMAGE; SLOW; STUN,
105,Techies,11,ALLY_DISPEL; AOE_DAMAGE; BASIC_DISPEL; DISARM; HIGH_ARMOR; INVISIBILITY; INVULNERABILITY; LONG_RANGE; MAGICAL_DAMAGE; PERCENT_HP_DAMAGE; SLOW,
46,Templar Assassin,11,AOE_DAMAGE; ARMOR_REDUCTION; BKB_PIERCING_DAMAGE; CHANNELING; HIGH_MOBILITY; INVISIBILITY; MAGICAL_DAMAGE; PHYSICAL_DAMAGE; PURE_DAMAGE; SLOW; TELEPORT,
109,Terrorblade,9,AOE_DAMAGE; CREATES_ILLUSIONS; DEPENDS_ON_ILLUSIONS; FEAR; HARD_CONTROL; HIGH_ARMOR; INVULNERABILITY; MAGICAL_DAMAGE; SLOW,DEPENDS_ON_ILLUSIONS
29,Tidehunter,11,ANTI_MOBILITY; AOE_DAMAGE; ARMOR_REDUCTION; DAMAGE_BLOCK; HARD_CONTROL; LEASH; LOW_ARMOR; MAGICAL_DAMAGE; PHYSICAL_DAMAGE; STRONG_DISPEL; STUN,
98,Timbersaw,6,AOE_DAMAGE; ARMOR_BUFF; DAMAGE_OVER_TIME; MAGICAL_DAMAGE; PURE_DAMAGE; SLOW,
34,Tinker,12,ANTI_MOBILITY; CHANNELING; COOLDOWN_REDUCTION; HIGH_ARMOR; HIGH_MOBILITY; MAGICAL_DAMAGE; PURE_DAMAGE; RESET_MECHANIC; ROOT; SUMMONER; SUMMONS_UNITS; TELEPORT,
19,Tiny,7,AOE_DAMAGE; CHANNELING; HARD_CONTROL; LOW_ARMOR; MAGICAL_DAMAGE; SLOW; STUN,
83,Treant Protector,10,ANTI_MOBILITY; AOE_DAMAGE; BKB_PIERCING_DAMAGE; DAMAGE_BLOCK; DISARM; HEAL; INVISIBILITY; MAGICAL_DAMAGE; ROOT; SLOW,
95,Troll Warlord,7,AOE_DAMAGE; BASIC_DISPEL; BKB_PIERCING_DAMAGE; LIFESTEAL; MAGICAL_DAMAGE; PHYSICAL_DAMAGE; SLOW,
100,Tusk,9,AOE_DAMAGE; ARMOR_BUFF; BKB_PIERCING_CONTROL; BKB_PIERCING_DAMAGE; HARD_CONTROL; HIGH_ARMOR; MAGICAL_DAMAGE; SLOW; STUN,
108,Underlord,7,ANTI_MOBILITY; DAMAGE_OVER_TIME; DAMAGE_REDUCTION; HIGH_ARMOR; HIGH_MOBILITY; ROOT; TELEPORT,
85,Undying,5,AOE_DAMAGE; HEAL; LOW_ARMOR; MAGICAL_DAMAGE; SLOW,
70,Ursa,10,AOE_DAMAGE; BKB_PIERCING_DAMAGE; DAMAGE_REDUCTION; HIGH_MOBILITY; LEAP; MAGICAL_DAMAGE; PERCENT_HP_DAMAGE; PHYSICAL_DAMAGE; SLOW; STRONG_DISPEL,
20,Vengeful Spirit,5,CHANNELING; HARD_CONTROL; MAGICAL_DAMAGE; SAVE; STUN,SAVE
40,Venomancer,6,AOE_DAMAGE; DAMAGE_OVER_TIME; MAGICAL_DAMAGE; SLOW; SUMMONER; SUMMONS_UNITS,
47,Viper,6,BKB_PIERCING_DAMAGE; DAMAGE_OVER_TIME; LOW_ARMOR; MAGICAL_DAMAGE; PHYSICAL_DAMAGE; SLOW,
92,Visage,7,AOE_DAMAGE; HARD_CONTROL; INVULNERABILITY; LONG_RANGE; LOW_ARMOR; MAGICAL_DAMAGE; STUN,
126,Void Spirit,4,AOE_DAMAGE; LOW_ARMOR; MAGICAL_DAMAGE; SLOW,
37,Warlock,11,AOE_DAMAGE; BKB_PIERCING_CONTROL; CHANNELING; HARD_CONTROL; HEAL; LONG_RANGE; MAGICAL_DAMAGE; SLOW; STUN; SUMMONER; SUMMONS_UNITS,
63,Weaver,5,ARMOR_REDUCTION; HIGH_MOBILITY; INVISIBILITY; SLOW; STRONG_DISPEL,
21,Windranger,6,AOE_DAMAGE; CHANNELING; EVASION; LONG_RANGE; MAGICAL_DAMAGE; SLOW,
112,Winter Wyvern,6,AOE_DAMAGE; HEAL; MAGICAL_DAMAGE; PERCENT_HP_DAMAGE; SAVE; SLOW,SAVE
30,Witch Doctor,10,AOE_DAMAGE; CHANNELING; DAMAGE_OVER_TIME; HARD_CONTROL; HEAL; LOW_ARMOR; MAGICAL_DAMAGE; STUN; SUMMONER; SUMMONS_UNITS,
42,Wraith King,6,DAMAGE_OVER_TIME; HARD_CONTROL; LIFESTEAL; MAGICAL_DAMAGE; SLOW; STUN,
22,Zeus,6,AOE_DAMAGE; GLOBAL_ABILITY; HIGH_MOBILITY; LEAP; MAGICAL_DAMAGE; PERCENT_HP_DAMAGE,
